{"ExecutedNumber":8132,"ExecutionTime":8090.254653675,"Throughput":1.00516,"LatencyAverage":983,"LatencyMedian":370,"Latency95Percent":1226,"Latency99Percent":22802}