{"ExecutedNumber":25239,"ExecutionTime":8520.017704042,"Throughput":2.962318,"LatencyAverage":322,"LatencyMedian":43,"Latency95Percent":671,"Latency99Percent":3315}