{"ExecutedNumber":42208,"ExecutionTime":8015.265752902,"Throughput":5.2659516,"LatencyAverage":189,"LatencyMedian":20,"Latency95Percent":367,"Latency99Percent":840}