{"ExecutedNumber":46437,"ExecutionTime":7682.977542692,"Throughput":6.0441413,"LatencyAverage":164,"LatencyMedian":19,"Latency95Percent":372,"Latency99Percent":814}