{"ExecutedNumber":8762,"ExecutionTime":7214.644782663,"Throughput":1.2144742,"LatencyAverage":822,"LatencyMedian":298,"Latency95Percent":1094,"Latency99Percent":21930}