{"ExecutedNumber":14307,"ExecutionTime":8196.419056623,"Throughput":1.7455184,"LatencyAverage":572,"LatencyMedian":262,"Latency95Percent":737,"Latency99Percent":16430}