{"ExecutedNumber":7085,"ExecutionTime":7215.839813035,"Throughput":0.9818677,"LatencyAverage":1017,"LatencyMedian":288,"Latency95Percent":1867,"Latency99Percent":23235}