{"ExecutedNumber":11643,"ExecutionTime":8056.359331964,"Throughput":1.4451938,"LatencyAverage":691,"LatencyMedian":264,"Latency95Percent":916,"Latency99Percent":20302}