{"ExecutedNumber":67372,"ExecutionTime":8656.774426442,"Throughput":7.7825756,"LatencyAverage":127,"LatencyMedian":33,"Latency95Percent":251,"Latency99Percent":618}