{"ExecutedNumber":11034,"ExecutionTime":7295.130660049,"Throughput":1.5125157,"LatencyAverage":660,"LatencyMedian":212,"Latency95Percent":767,"Latency99Percent":21837}