{"ExecutedNumber":33805,"ExecutionTime":7780.523404258,"Throughput":4.3448234,"LatencyAverage":229,"LatencyMedian":31,"Latency95Percent":406,"Latency99Percent":1329}