{"ExecutedNumber":16038,"ExecutionTime":9341.166057728,"Throughput":1.7169163,"LatencyAverage":571,"LatencyMedian":278,"Latency95Percent":872,"Latency99Percent":11031}