{"ExecutedNumber":10224,"ExecutionTime":8567.502219443,"Throughput":1.1933466,"LatencyAverage":826,"LatencyMedian":335,"Latency95Percent":1106,"Latency99Percent":21458}