{"ExecutedNumber":13082,"ExecutionTime":8161.305010541,"Throughput":1.6029298,"LatencyAverage":623,"LatencyMedian":249,"Latency95Percent":738,"Latency99Percent":19241}