{"ExecutedNumber":5253,"ExecutionTime":6221.383317537,"Throughput":0.844346,"LatencyAverage":1183,"LatencyMedian":257,"Latency95Percent":2858,"Latency99Percent":24316}