{"ExecutedNumber":13121,"ExecutionTime":8534.466696861,"Throughput":1.537413,"LatencyAverage":649,"LatencyMedian":278,"Latency95Percent":869,"Latency99Percent":18248}