{"ExecutedNumber":11070,"ExecutionTime":7674.372789764,"Throughput":1.4424632,"LatencyAverage":692,"LatencyMedian":235,"Latency95Percent":816,"Latency99Percent":21717}