{"ExecutedNumber":6605,"ExecutionTime":6972.791095779,"Throughput":0.9472534,"LatencyAverage":1055,"LatencyMedian":278,"Latency95Percent":1673,"Latency99Percent":23622}