{"ExecutedNumber":10862,"ExecutionTime":7832.086500524,"Throughput":1.386859,"LatencyAverage":720,"LatencyMedian":273,"Latency95Percent":822,"Latency99Percent":21010}